{"cameraMode":{"drawMode":0,"name":"Shaded","section":"Shading Mode"},"sceneLighting":true,"audioPlay":false,"sceneViewState":{"m_AlwaysRefresh":false,"showFog":true,"showSkybox":true,"showFlares":true,"showImageEffects":true,"showParticleSystems":true,"showVisualEffectGraphs":true,"m_FxEnabled":true},"in2DMode":false,"pivot":{"x":-0.7574545741081238,"y":0.8883256316184998,"z":-2.9818058013916017},"rotation":{"x":-0.32459762692451479,"y":0.34888190031051638,"z":-0.13024969398975373,"w":-0.8694546818733215},"size":1.0630666017532349,"orthographic":false}